"hadir_id","hadir_tgl","hadir_tgl_in","hadir_npk","hadir_nama","hadir_jalur","hadir_pos","hadir_status","hadir_shift","hadir_kode","hadir_ket","hadir_gan_id","hadir_gan_nama","hadir_gan_sts"
25,"2022-08-30 22:01:59","2022-08-30","14421",Totok Kunarto,"12","",Permanent,A,CL19,Diliburkan,17275,Mulyanto,Permanent
30,"2022-12-03 07:51:50","2022-12-03","34002",Jumanto,"22","",Permanent,N,C2,Cuti Panjang,19105,Untung Prasetyo,Permanent
39,"2023-04-23 07:31:35","2023-04-28","3116",Untung Subagyo,"9","17",Permanent,"1",S1,Sakit dengan Keterangan Dokter,0,"",""
53,"2023-05-01 15:17:37","2023-05-11","18546",Darsono,"8","17",Permanent,A,S1,Sakit dengan Keterangan Dokter,0,"",""
