"jalur_id","jalur_nama","jalur_slug"
6,UnderBody D55L,underbody-d55l
8,UnderBody D79L,underbody-d79l
9,UF COMMON,uf-common
10,SIDE MEMBER RH,side-member-rh
12,SHELLPART,shellpart
13,AUTOMIXLINE,automixline
17,Others,others
18,SIDE MEMBER LH,side-member-lh
19,Supply,supply
20,Quality,quality
21,Project Improvement,project-improvement
22,New Project,new-project
23,Dojo Admin,dojo-admin
24,Tatecho,tatecho
25,BQC,bqc
26,Safety,safety
27,Jalur Subway,jalur-subway
28,Jalur QC,jalur-qc
29,Jalur Testing 2,jalur-testing-2
