"pengguna_id","pengguna_nama","pengguna_npk","pengguna_shift","pengguna_jalur","pengguna_pos","pengguna_email","pengguna_wa","pengguna_username","pengguna_password","pengguna_level","pengguna_status"
1,Suryo Bintang,"45377",A,6,"",bodygital@gmail.com,"085885343894",admin,"0192023a7bbd73250516f069df18b500",admin,1
6,Adi Rahmanto Wijaya,"18785",A,6,"",Tholebjg18785@gmail.com,"6.28E+12",Adi,"31e465dce170670b68fd1188f3bc44b7",Produksi,1
7,Sigit Prayitno,"30503",A,17,"",pray1225@gmail.com,"6.29E+12",Sigit,"31e465dce170670b68fd1188f3bc44b7",BQC WQC,1
8,Deny Setiawan,"28948",A,17,"",setiawan.deny8888@gmail.com,"6.29E+12",Deny,"31e465dce170670b68fd1188f3bc44b7",Quality Body,1
9,Yusep Ridwan,"24221",B,9,"",rullznoe@gmail.com,"6.28E+12",Yusep,"541deb2fe959b93e108c020193d49425",Foreman,1
10,Agung  davit,"44430",A,17,"",agung.david19@gmail.com,"6.29E+12",Agung,"6ade4163a398335a0a2abced430cf869",spv,1
11,Eji Hamali,"41439",A,17,"",enzy.tansyu.et@gmail.com,"6.28E+12",Eji,"31e465dce170670b68fd1188f3bc44b7",penulis,1
15,Raden SPV,"14316461",A,20,"",radenspv@gmail.com,"0812314314123",radenspv,c399440fe7440b7a33e8de0cdcd7f015,spv,1
