"pos_id","pos_jalur","pos_nama"
5,6,under rear small
6,10,Pre A
7,10,Pre B
9,8,Underfront
10,9,Under Front
11,12,Backdoor
12,13,Shelline
13,19,Underbody D79
14,20,TD Link Side member
15,21,Improvement
16,22,Project D74
18,8,Koordinator
20,10,Koordinator
21,12,Koordinator
23,13,Koordinator
24,18,Koordinator
25,18,Koordinator
26,19,Koordinator
27,20,Koordinator
28,21,Koordinator
29,22,Koordinator
30,23,Trainer
31,23,Koordinator
32,23,Administrasi Reguler
33,22,project d52
34,9,Outline Under Front
35,9,Front Floor
36,9,Panel Dash
37,9,Koordinator
38,6,pos 1
44,6,Pos Admin
45,9,Pos Admin
46,19,Pos Pantau
47,20,Pos Pantau
48,28,Pos Pantau
49,20,Pos Ettos
50,28,Pos Ettos
