"spot_id","spot_tanggal","spot_tt","spot_judul","spot_slug","spot_pos","spot_jig","spot_gun","spot_tipegun","spot_gnl","spot_safe","spot_konten","spot_sampul","spot_author","spot_jalur","spot_quality","spot_pe","spot_project","spot_bqc","spot_spv","spot_status"
21,"2022-04-20 14:41:51","1,0",ok,ok,under rear small,jig under rear,PSW2,KDX,"3","4","<p>ok</p>
",Screenshot_(272)20.png,1,8,0,0,0,0,0,publish
22,"2022-04-20 14:51:27","1,0","45377","45377",Under rear,jig under rear,PSW2,KDX,"2","3","<p>rrrrrrrrrrrr</p>
",Screenshot_(272)21.png,11,8,0,1,0,0,0,proses
23,"2022-04-20 15:17:25","1,0",ok,ok,under rear small,jig under rear,PSW2,KDX,"2","3","<p>ok</p>
",Screenshot_(272)22.png,11,6,0,1,0,0,0,proses
24,"2022-04-21 12:47:49","1,0",ok,ok,under rear small,jig under rear,PSW2,KDX,"2","3","<p>5555</p>
",Screenshot_(272)23.png,10,6,0,0,0,0,0,proses
